{"cameraMode":{"drawMode":0,"name":"Shaded","section":"Shading Mode"},"sceneLighting":true,"audioPlay":false,"sceneViewState":{"m_AlwaysRefresh":false,"showFog":true,"showSkybox":true,"showFlares":true,"showImageEffects":true,"showParticleSystems":true,"showVisualEffectGraphs":true,"m_FxEnabled":true},"in2DMode":false,"pivot":{"x":-5.654750347137451,"y":1.577592134475708,"z":19.899402618408204},"rotation":{"x":0.05906304344534874,"y":-0.007465401664376259,"z":0.0005341782816685736,"w":0.9982596039772034},"size":3.3388333320617677,"orthographic":false}